{"val_dice": [0.4222383571082148, 0.5267940204719017, 0.535438728743586, 0.5826712507626106, 0.5680135128826931, 0.5909293088419684, 0.6468919638929695, 0.5887916519724089, 0.6391188378991752, 0.6616938977405943, 0.6553342722613236, 0.6637819532690377, 0.6877959884446243, 0.6919576885371372, 0.7046073079109192, 0.6983952707257765, 0.7111753636393053, 0.7077510274689773, 0.7067558169364929, 0.7150530732911209, 0.7095623427423937, 0.7028878639484274, 0.7015939683749758, 0.7016397344655004, 0.7041503026567656], "val_iou": [0.3268748388208192, 0.4415841421176647, 0.44920743642182187, 0.4977021165962877, 0.4757513311402551, 0.5001072030642937, 0.5656789880374382, 0.49508035594019395, 0.5541996113185225, 0.5755232973345394, 0.5677727892481047, 0.5783552332171078, 0.6008476265545549, 0.6050806333278788, 0.6205620714302721, 0.6148248962287245, 0.6266492409952755, 0.6222616855440468, 0.621902424713661, 0.6308213760112894, 0.6235665113761507, 0.6166241014825886, 0.6169070611739981, 0.616509784912241, 0.6183622705525366], "val_loss": [0.9197722735076115, 0.7001283374325983, 0.5696087931764537, 0.5372946827576078, 0.5283870933384731, 0.4925662402448983, 0.47049119554716967, 0.4908803125907635, 0.4753814534894351, 0.44384365554513605, 0.42673522028429756, 0.44406861375118123, 0.41956336231067265, 0.4215220993962781, 0.40887061583584755, 0.41090188663581323, 0.4040004693228623, 0.4102389432232955, 0.41524353726156826, 0.4082240040959983, 0.4075574689897998, 0.41387399928323154, 0.4149599003380743, 0.4087568490669645, 0.40966944447879133], "val_dice_random": [0.2977647277815589, 0.3684478880002581, 0.4110596087472192, 0.4563758743220362, 0.43384474104848403, 0.48405925158796637, 0.4833176937596551, 0.466427572842302, 0.5475699449407643, 0.5058620428216869, 0.5408128684964674, 0.5882370780254232, 0.5942726525767096, 0.5835523327876782, 0.6018293479393269, 0.5748159320190035, 0.6014596049127907, 0.6098959106823494, 0.624443886608913, 0.6218640650140828, 0.6276691679296822, 0.6287697851657867, 0.6397408205887367, 0.6353660112824934, 0.6404227676062748]}